Statistic,Population,Bootstrap Avg
Mean,69.10546875,69.15222666666666
Std Dev,19.355807170644777,19.192792750902836
98th Percentile,99.31999999999994,98.03292000000003
